cnes,programa,investimento,situacao,natureza,tipologia
0220027,PERSUS 2 (PERSUS),,EM CONTRATAÇÃO,,CV
2012677,PERSUS 2 (PERSUS),,EM CONTRATAÇÃO,,EO
2334321,PERSUS 2 (PERSUS),,EM CONTRATAÇÃO,,EO
0000477,PERSUS 2 (PERSUS),,EM CONTRATAÇÃO,,CV
0000434,PERSUS 2 (PERSUS),,EM CONTRATAÇÃO,,EO
0003786,PERSUS 2 (PERSUS),,EM CONTRATAÇÃO,,EO
0019445,PERSUS 2 (PERSUS),,EM CONTRATAÇÃO,,EO
2697696,PERSUS 2 (PERSUS),,EM CONTRATAÇÃO,,EO
0000582,PERSUS 2 (PERSUS),,EM CONTRATAÇÃO,,EO
5585422,PERSUS 2 (PERSUS),,EM CONTRATAÇÃO,,EO
2079798,PERSUS 2 (PERSUS),,EM CONTRATAÇÃO,,EO
0003778,PERSUS 2 (PERSUS),,EM CONTRATAÇÃO,,CV
0010510,PERSUS 2 (PERSUS),,EM CONTRATAÇÃO,,CV
2525569,PERSUS 2 (PERSUS),,EM CONTRATAÇÃO,,CV
2409194,PERSUS 2 (PERSUS),,EM CONTRATAÇÃO,,EO
2506815,PERSUS 2 (PERSUS),,EM CONTRATAÇÃO,,EO
2237253,PERSUS 2 (PERSUS),,EM CONTRATAÇÃO,,EO
2146355,PERSUS 2 (PERSUS),,EM CONTRATAÇÃO,,EO
2280167,PERSUS 2 (PERSUS),,EM CONTRATAÇÃO,,EO
2534444,PERSUS 2 (PERSUS),,EM CONTRATAÇÃO,,EO
2399741,PERSUS 2 (PERSUS),,EM CONTRATAÇÃO,,EO
2273454,PERSUS 2 (PERSUS),,EM CONTRATAÇÃO,,EO
2237571,PERSUS 2 (PERSUS),,EM CONTRATAÇÃO,,CV
2084228,PERSUS 2 (PERSUS),,EM CONTRATAÇÃO,,EO
3126838,PERSUS 2 (PERSUS),,EM CONTRATAÇÃO,,EO
2332981,PERSUS 2 (PERSUS),,EM CONTRATAÇÃO,,EO
2081490,PERSUS 2 (PERSUS),,EM CONTRATAÇÃO,,CV
2078287,PERSUS 2 (PERSUS),,EM CONTRATAÇÃO,,CV
2025507,PERSUS 2 (PERSUS),,EM CONTRATAÇÃO,,EO
6123740,PERSUS 2 (PERSUS),,EM CONTRATAÇÃO,,EO
2601680,PERSUS 2 (PERSUS),,EM CONTRATAÇÃO,,EO
2153025,PERSUS 2 (PERSUS),,EM CONTRATAÇÃO,,EO
2078015,PERSUS 2 (PERSUS),,EM CONTRATAÇÃO,,EO
2077485,PERSUS 2 (PERSUS),,EM CONTRATAÇÃO,,EO
2090236,PERSUS 2 (PERSUS),,EM CONTRATAÇÃO,,EO
0011738,PERSUS 2 (PERSUS),,EM CONTRATAÇÃO,,EO
2200457,PERSUS 2 (PERSUS),,EM CONTRATAÇÃO,,EO
2232995,PERSUS 2 (PERSUS),,EM CONTRATAÇÃO,,CV
2206595,PERSUS 2 (PERSUS),,EM CONTRATAÇÃO,,EO
2577623,PERSUS 2 (PERSUS),,EM CONTRATAÇÃO,,EO
2591049,PERSUS 2 (PERSUS),,EM CONTRATAÇÃO,,EO
2278855,PERSUS 2 (PERSUS),,EM CONTRATAÇÃO,,EO
2082187,PERSUS 2 (PERSUS),,EM CONTRATAÇÃO,,EO
2758164,PERSUS 2 (PERSUS),,EM CONTRATAÇÃO,,EO
0003832,PERSUS 2 (PERSUS),,EM CONTRATAÇÃO,,EO
2244306,PERSUS 2 (PERSUS),,EM CONTRATAÇÃO,,EO
5373190,PERSUS 2 (PERSUS),,EM CONTRATAÇÃO,,EO
2195453,PERSUS 2 (PERSUS),,EM CONTRATAÇÃO,,EO
2269899,PERSUS 2 (PERSUS),,EM CONTRATAÇÃO,,EO
2280051,PERSUS 2 (PERSUS),,EM CONTRATAÇÃO,,EO
