componente_alvo,ano_programa,id_programa,nm_programa_api,id_proposta,ente_recebedor,cnpj,municipio,uf,situacao_proposta,valor_planejamento
POLITICA NACIONAL DE PREVENCAO E CONTROLE DO CANCER - SERVICO DE REFERENCIA PARA O DIAGNOSTICO DO CANCER DE COLO DO UTERO (SRC),2025,104,ATENÇÃO ESPECIALIZADA EM SAÚDE -  POLITICA NACIONAL DE PREVENÇÃO E CONTROLE DO CANCER - SERVIÇO DE REFERENCIA PARA O DIAGNOSTICO DO CANCER NO UTERO - SRC,43829,FUNDO MUNICIPAL DE SAUDE DE APUCARANA,02575748000148,APUCARANA,PR,Aprovada,222388.0
POLITICA NACIONAL DE PREVENCAO E CONTROLE DO CANCER - AMBULATORIO PARA DIAGNOSTICO EM ONCOLOGIA,2025,53,ATENÇÃO ESPECIALIZADA EM SAÚDE - Política Nacional de Prevenção e Controle do Câncer - Ambulatório para Diagnóstico em Oncologia,38737,FUNDO MUNICIPAL DE SAUDE DE APARECIDA DE GOIANIA,11809185000104,APARECIDA DE GOIÂNIA,GO,Aprovada,208188.0
POLITICA NACIONAL DE PREVENCAO E CONTROLE DO CANCER - AMBULATORIO PARA DIAGNOSTICO EM ONCOLOGIA,2025,53,ATENÇÃO ESPECIALIZADA EM SAÚDE - Política Nacional de Prevenção e Controle do Câncer - Ambulatório para Diagnóstico em Oncologia,42913,FUNDO MUNICIPAL DE SAUDE DE JOAO CAMARA RN,12083881000130,JOÃO CÂMARA,RN,Aprovada,101773.0
POLITICA NACIONAL DE PREVENCAO E CONTROLE DO CANCER - AMBULATORIO PARA DIAGNOSTICO EM ONCOLOGIA,2025,53,ATENÇÃO ESPECIALIZADA EM SAÚDE - Política Nacional de Prevenção e Controle do Câncer - Ambulatório para Diagnóstico em Oncologia,23810,FUNDO MUNICIPAL DE SAUDE,14026965000168,SÃO GONÇALO DO AMARANTE,RN,Aprovada,1186002.0
POLITICA NACIONAL DE PREVENCAO E CONTROLE DO CANCER - HOSPITAL HABILITADO NA ALTA COMPLEXIDADE EM ONCOLOGIA,2025,57,ATENÇÃO ESPECIALIZADA EM SAÚDE - Política Nacional de Prevenção e Controle do Câncer - Hospital habilitado na Alta Complexidade em Oncologia,44942,FUNDO ESTADUAL DE SAUDE,80673411000187,FLORIANÓPOLIS,SC,Aprovada,2200000.0
POLITICA NACIONAL DE PREVENCAO E CONTROLE DO CANCER - HOSPITAL HABILITADO NA ALTA COMPLEXIDADE EM ONCOLOGIA,2025,57,ATENÇÃO ESPECIALIZADA EM SAÚDE - Política Nacional de Prevenção e Controle do Câncer - Hospital habilitado na Alta Complexidade em Oncologia,42284,FUNDO DE SAUDE DO DISTRITO FEDERAL,12116247000157,BRASÍLIA,DF,Aprovada,410000.0
POLITICA NACIONAL DE PREVENCAO E CONTROLE DO CANCER - HOSPITAL HABILITADO NA ALTA COMPLEXIDADE EM ONCOLOGIA,2025,57,ATENÇÃO ESPECIALIZADA EM SAÚDE - Política Nacional de Prevenção e Controle do Câncer - Hospital habilitado na Alta Complexidade em Oncologia,41803,FUNDO DE SAUDE DO DISTRITO FEDERAL,12116247000157,BRASÍLIA,DF,Aprovada,1300.0
POLITICA NACIONAL DE PREVENCAO E CONTROLE DO CANCER - HOSPITAL HABILITADO NA ALTA COMPLEXIDADE EM ONCOLOGIA,2025,57,ATENÇÃO ESPECIALIZADA EM SAÚDE - Política Nacional de Prevenção e Controle do Câncer - Hospital habilitado na Alta Complexidade em Oncologia,38088,FUNDO DE SAUDE DO DISTRITO FEDERAL,12116247000157,BRASÍLIA,DF,Aprovada,4692.0
POLITICA NACIONAL DE PREVENCAO E CONTROLE DO CANCER - SERVICO DE REFERENCIA PARA O DIAGNOSTICO DO CANCER DE MAMA (SDM),2025,64,ATENÇÃO ESPECIALIZADA EM SAÚDE 0 Política Nacional de Prevenção e Controle do Câncer - Serviço de Referência para o Diagnóstico do Câncer de Mama (SDM),24146,FUNDO MUNICIPAL DE SAUDE,11169453000162,MAIRIPORÃ,SP,Aprovada,36055.0
POLITICA NACIONAL DE PREVENCAO E CONTROLE DO CANCER - SERVICO DE REFERENCIA PARA O DIAGNOSTICO DO CANCER DE MAMA (SDM),2025,64,ATENÇÃO ESPECIALIZADA EM SAÚDE 0 Política Nacional de Prevenção e Controle do Câncer - Serviço de Referência para o Diagnóstico do Câncer de Mama (SDM),41173,FUNDO MUNICIPAL DE SAUDE DE CAMPINAS,13704311000183,CAMPINAS,SP,Aprovada,287998.0
